field,role,observed_dtype,description,units_or_category_meanings,valid_range_or_values,missing_value_meaning,observed_missing_count,available_at_prediction,planned_treatment,source
SeriousDlqin2yrs,target,int64,Borrower experienced a 90-days-past-due delinquency or worse within two years of the observation.,0 = no serious delinquency; 1 = serious delinquency (default),"{0, 1}",None; every record is labelled,0,No (this is the outcome being predicted),"Use as the binary target; positive class is the default event, so no remapping",https://www.kaggle.com/competitions/GiveMeSomeCredit/data
RevolvingUtilizationOfUnsecuredLines,candidate_input,float64,Balance on credit cards and personal lines of credit divided by the sum of credit limits.,Ratio (balance / credit limit),Expected 0 to ~1; a few rows reach ~50708 (data error),None,0,Yes,Keep; log-transform the skew and cap/flag implausible extreme values,https://www.kaggle.com/competitions/GiveMeSomeCredit/data
age,candidate_input,int64,Age of the borrower in years.,Years,Expected ~18 to ~110; one row has an invalid age of 0,None,0,Yes,Drop the single age==0 row; add bucketed age_band as a feature,https://www.kaggle.com/competitions/GiveMeSomeCredit/data
NumberOfTime30-59DaysPastDueNotWorse,candidate_input,int64,"Number of times 30-59 days past due, but not worse, in the last two years.",Count,Expected 0 to ~20; sentinel codes 96 and 98 appear,"No NaN, but 96/98 act as sentinel error codes",0,Yes,Recode 96/98 to missing with a had_sentinel_delinquency_code flag; fold into total_past_due,https://www.kaggle.com/competitions/GiveMeSomeCredit/data
DebtRatio,candidate_input,float64,"Monthly debt payments, alimony and living costs divided by monthly gross income.",Ratio,Expected 0 to ~2; a few rows reach ~329664 (data error),None,0,Yes,Keep; log-transform and cap/flag implausible extreme values,https://www.kaggle.com/competitions/GiveMeSomeCredit/data
MonthlyIncome,candidate_input,float64,Self-reported monthly income of the borrower.,Currency units per month,"Non-negative, with a long right tail",NaN means income was not reported,29731,Yes,"Add monthly_income_missing flag, then median-impute inside the training fold; log-transform",https://www.kaggle.com/competitions/GiveMeSomeCredit/data
NumberOfOpenCreditLinesAndLoans,candidate_input,int64,"Number of open instalment loans (e.g. car loan, mortgage) and lines of credit (e.g. credit cards).",Count,Expected 0 to ~60,None,0,Yes,Keep as-is,https://www.kaggle.com/competitions/GiveMeSomeCredit/data
NumberOfTimes90DaysLate,candidate_input,int64,Number of times the borrower was 90 days or more past due.,Count,Expected 0 to ~20; sentinel codes 96 and 98 appear,"No NaN, but 96/98 act as sentinel error codes",0,Yes,Recode 96/98 to missing with a flag; fold into total_past_due,https://www.kaggle.com/competitions/GiveMeSomeCredit/data
NumberRealEstateLoansOrLines,candidate_input,int64,"Number of mortgage and real-estate loans, including home-equity lines of credit.",Count,Expected 0 to ~30,None,0,Yes,Keep as-is,https://www.kaggle.com/competitions/GiveMeSomeCredit/data
NumberOfTime60-89DaysPastDueNotWorse,candidate_input,int64,"Number of times 60-89 days past due, but not worse, in the last two years.",Count,Expected 0 to ~20; sentinel codes 96 and 98 appear,"No NaN, but 96/98 act as sentinel error codes",0,Yes,Recode 96/98 to missing with a flag; fold into total_past_due,https://www.kaggle.com/competitions/GiveMeSomeCredit/data
NumberOfDependents,candidate_input,float64,"Number of dependents in the family excluding the borrower (spouse, children, etc.).",Count,Expected 0 to ~20,NaN means the count was not reported,3924,Yes,"Add a missingness flag, then median-impute inside the training fold",https://www.kaggle.com/competitions/GiveMeSomeCredit/data
